Type,Link
PDF,https://www.startupindia.gov.in/content/dam/invest-india/Templates/public/Action__Plan.pdf
PDF,https://www.startupindia.gov.in/content/dam/invest-india/Market-Research/framework-for-Startups.pdf
PDF,https://www.startupindia.gov.in/content/dam/invest-india/Templates/public/5_years_Achievement_report%20_%20final%20(1).pdf
PDF,https://www.startupindia.gov.in/content/dam/invest-india/Templates/public/Startup_India-Way_Ahead.pdf
PDF,https://www.startupindia.gov.in/content/dam/invest-india/Templates/public/Revised%20Guidelines%20for%20recognition.pdf
LINK,https://www.startupindia.gov.in/content/sih/en/startupgov/imb.html
LINK,https://www.startupindia.gov.in/content/sih/en/incubator-schemes.html
LINK,https://www.sidbivcf.in/en/funds/ffs
LINK,https://www.startupindia.gov.in/content/sih/en/intellectual-property-rights.html
LINK,https://www.startupindia.gov.in/content/sih/en/startupgov/validate-startup-recognition.html
LINK,https://www.startupindia.gov.in/content/sih/en/state-startup-policies.html
LINK,https://amritmahotsav.nic.in/
LINK,https://www.startupindia.gov.in/content/sih/en/search.html?roles=Investor&page=0
LINK,https://www.startupindia.gov.in/content/sih/en/startupgov/notification.html
LINK,https://www.startupindia.gov.in/content/sih/en/search.html?roles=Mentor&page=0
LINK,https://www.startupindia.gov.in/content/sih/en/international.html
LINK,https://www.startupindia.gov.in/content/dam/invest-india/Templates/public/Action__Plan.pdf
LINK,https://www.startupindia.gov.in/content/sih/en/user/my-dashboard
LINK,https://dpiit.gov.in/
LINK,https://www.startupindia.gov.in/content/sih/en/reources/resource-partners.html
LINK,https://www.startupindia.gov.in/content/sih/en/disclaimer.html
LINK,https://www.startupindia.gov.in/content/sih/en/bloglist.html
LINK,https://www.startupindia.gov.in/content/sih/en/nsa-landing.html
LINK,https://www.startupindia.gov.in/content/dam/invest-india/Market-Research/framework-for-Startups.pdf
LINK,https://www.startupindia.gov.in/content/sih/en/reources/online-courses.html
LINK,https://www.startupindia.gov.in/content/sih/en/recognition-page.html
LINK,https://www.startupindia.gov.in/content/sih/en/international/go-to-market-guide.html
LINK,https://www.startupindia.gov.in/content/sih/en/sitemap.html
LINK,https://www.startupindia.gov.in/content/sih/en/startupgov/startup_recognition_page.html
LINK,https://maarg.startupindia.gov.in/
LINK,https://www.startupindia.gov.in/bhaskar
LINK,https://www.startupindia.gov.in/content/sih/en/search.html?roles=Startup&page=0
LINK,https://www.startupindia.gov.in/content/sih/en/contact-us.html
LINK,https://www.startupindia.gov.in/content/sih/en/reources/startup_india_notes.html
LINK,https://www.startupindia.gov.in/content/sih/en/search.html?roles=GovernmentBody&page=0
LINK,https://www.startupindia.gov.in/content/sih/en/my-connections.html
LINK,https://www.startupindia.gov.in/content/sih/en/search.html?roles=Accelerator&page=0
LINK,https://commerce.gov.in/
LINK,https://www.startupindia.gov.in/content/sih/en/about_us/faqs.html
LINK,https://www.startupindia.gov.in/srf/
LINK,https://www.startupindia.gov.in/content/sih/en/bharat-startup-grand-challenge.html
LINK,https://www.startupindia.gov.in/content/sih/en/BRICS.html
LINK,https://www.startupindia.gov.in/content/sih/en/government-schemes.html
LINK,https://www.mca.gov.in/MinistryV2/closecompany.html
LINK,https://investorconnect.startupindia.gov.in
LINK,https://www.startupindia.gov.in/content/sih/en/EventsCompetitions/startup_india_yatra.html
LINK,https://www.india.gov.in/
LINK,https://www.startupindia.gov.in/content/dam/invest-india/Templates/public/5_years_Achievement_report%20_%20final%20(1).pdf
LINK,https://www.startupindia.gov.in/content/sih/en/home-page.html
LINK,https://www.startupindia.gov.in/content/sih/en/reources/idea_bank.html
LINK,https://www.startupindia.gov.in/content/sih/en/ams-application/accelerator-program.html?applicationId=68820a6ee4b0861e7e7cd240
LINK,https://www.startupindia.gov.in/content/sih/en/startupgov/regulatory_updates.html
LINK,https://www.startupindia.gov.in/content/sih/en/search.html?roles=Startup&page=0%20
LINK,https://www.startupindia.gov.in/content/sih/en/registration.html
LINK,https://www.startupindia.gov.in/content/sih/en/women_entrepreneurs.html
LINK,https://www.startupindia.gov.in/content/sih/en/nsa2025.html
LINK,https://www.startupindia.gov.in/content/sih/en/newsletters.html
LINK,https://www.startupindia.gov.in/content/sih/en/Prabhaav.html
LINK,https://www.startupindia.gov.in/content/sih/en/credit-guarantee-scheme-for-startups.html
LINK,https://www.startupindia.gov.in/content/sih/en/about-startup-india-initiative.html
LINK,https://www.investindia.gov.in/request-for-proposal
LINK,https://www.startupindia.gov.in/content/sih/en/persona.update.html
LINK,https://www.startupindia.gov.in/content/sih/en/funding.html
LINK,https://www.startupindia.gov.in/content/sih/en/notifications.html
LINK,https://www.startupindia.gov.in/content/sih/en/privacy-policy.html
LINK,https://www.startupindia.gov.in/content/dam/invest-india/Templates/public/Startup_India-Way_Ahead.pdf
LINK,https://www.startupindia.gov.in/content/sih/en/sco.html
LINK,https://www.startupindia.gov.in/content/sih/en/public_procurement.html
LINK,https://www.startupindia.gov.in/national-startup-day/
LINK,https://www.startupindia.gov.in/content/sih/en/reources.html
LINK,https://www.startupindia.gov.in/content/sih/en/home-page
LINK,https://www.startupindia.gov.in/content/dam/invest-india/Templates/public/Revised%20Guidelines%20for%20recognition.pdf
LINK,https://www.startupindia.gov.in
LINK,https://www.startupindia.gov.in/content/sih/en/reources/market-research.html
LINK,https://www.startupindia.gov.in/srf
LINK,https://investorconnect.startupindia.gov.in/%20
LINK,https://www.startupindia.gov.in/content/sih/en/startup-scheme.html
LINK,https://www.startupindia.gov.in/content/sih/en/logo-form.html
LINK,https://www.startupindia.gov.in/content/sih/en/reources/knowledge-bank.html
LINK,https://www.startupindia.gov.in/content/sih/en/notice-board.html
LINK,https://www.startupindia.gov.in/digital-map/maps
LINK,https://www.startupindia.gov.in/content/sih/en/startupgov/self-certification.html
LINK,https://www.startupindia.gov.in/content/sih/en/profile.html
LINK,https://seedfund.startupindia.gov.in/
LINK,https://www.startupindia.gov.in/content/sih/en/terms-of-use.html
LINK,https://www.startupindia.gov.in/content/sih/en/about_us/contact-us.html
LINK,https://www.startupindia.gov.in/content/sih/en/ams-application/challenge.html?applicationId=680b3ebbe4b0611108b201e5
LINK,https://www.startupindia.gov.in/content/sih/en/startupindia-mybharat.html
LINK,https://www.startupindia.gov.in/content/sih/en/search.html?roles=Incubator&page=0
LINK,https://www.startupindia.gov.in/content/sih/en/ams-application/application-listing.html
LINK,https://www.startupindia.gov.in/sih/partnership-with-us
LINK,https://www.startupindia.gov.in/bhaskar/register
LINK,https://investorconnect.startupindia.gov.in/
